residue,single-letter code,Picket_Sternberg,Abagyan_Totrov,Koehl_Delarue,Lee
Ala,A,0,0,0,0
Arg,R,-2.03,-2.13,-1.21,-2.13
Asn,N,-1.57,-0.81,-0.75,-0.99
Asp,D,-1.25,-0.61,-0.65,-0.6
Cys,C,-0.55,-1.14,-0.63,-1.06
Gln,Q,-2.11,-2.02,-1.29,-1.51
Glu,E,-1.81,-1.65,-1.31,-1.06
Gly,G,0,0,0,0
His,H,-0.96,-0.99,-0.92,-1
Ile,I,-0.89,-0.75,-0.94,-0.52
Leu,L,-0.78,-0.75,-0.94,-0.49
Lys,K,-1.94,-2.21,-1.63,-1.76
Met,M,-1.61,-1.53,-1.24,-1.37
Phe,F,-0.58,-0.58,-0.65,-0.42
Pro,P,0,0,-0.3,0
Ser,S,-1.71,-1.19,-0.43,-1.1
Thr,T,-1.63,-1.12,-0.57,-0.99
Trp,W,-0.97,-0.97,-1.14,-0.82
Tyr,Y,-0.98,-0.99,-1.07,-0.83
Val,V,-0.51,-0.5,-0.62,-0.04